1084;6uName;URL
Бизнес ФМ Казань;https://stream.volnorez.com/live-app/891608
Story FM Radio;https://stream02.pcradio.ru/storyru-med
Радио Фантастики;http://fantasyradioru.no-ip.biz:8002/live
Harrys Magical Stories Radio;https://stream02.pcradio.ru/harry_potter-med
Стругацкие радио;https://stream02.pcradio.ru/strugat_audioshows-med
Радио Антология;https://stream02.pcradio.ru/rad_rdantlgy-med
Литературное радио;https://79.137.234.183:8000/;stream.mp3
Радиотеатр;https://stream02.pcradio.ru/rad_rtrclbrdttr-med
Радио «ЗвукоКнига»;http://94.181.45.104:8005/;stream.nsv/
Умное Радио;https://umnoe.amgradio.ru/Umnoe
Радио Старый портфель;https://stream02.pcradio.ru/rad_oldportfl-med
Радио «Книга»;http://bookradio.hostingradio.ru:8069/fm
Радио классик (русская поэзия);https://stream02.pcradio.ru/radioclassicfmrupoesia-med
Радио Каприз (русская поэзия);https://stream.pcradio.ru/caprice_poetry-med
Радио «Сказка FM»;https://skazka.amgradio.ru/Skazka
Sci-Fi Old Time Radio;https://s1.voscast.com:8653/stream
America Old Time Radio;https://kea.cdnstream.com/1893_128
Krypton Radio;https://station.kryptonradio.com:8080/stream
America’s Old Time Radio Comedy Channel;https://hemnos.cdnstream.com/1666_32
Wild West OTR Channel;https://kea.cdnstream.com/1838_32
Old Time Tales;https://strw3.openstream.co/903
Crime Fighter Detectives Channel;https://hemnos.cdnstream.com/1665_32
Mystery And Suspense Radio;https://hemnos.cdnstream.com/1667_32
AudioBook Radio;https://audiobookradio.out.airtime.pro/audiobookradio_a
Юмор FM. Классика Жанра;http://pub0302.101.ru:8000/stream/pro/aac/64/21
Юмор FM. Non-Stop;http://pub0302.101.ru:8000/stream/trust/mp3/128/22
Юмор FM. Стендапы;https://pub0102.101.ru:8443/stream/pro/aac/64/245
